INSERT INTO category (id, name, parent_id, image_url) VALUES
(1, 'Maison & objets', NULL, 'https://www.lejournaldelamaison.fr/wp-content/uploads/sites/8/2023/09/salon-maison-objets-tendances-2024-1140x500.jpg'),
(2, 'Vaisselle', 1, 'https://img.freepik.com/photos-premium/vaisselle-coloree-faite-main-ceramique-porcelaine-comptoir-du-magasin_162585-8489.jpg?w=2000'),
(3, 'Vaisselle en mélaminé', 2, 'https://img.freepik.com/photos-premium/collection-vibrante-vaisselle-disposee-tas-colore-genere-par-ia_24640-100732.jpg'),
(4, 'Vaisselle céramique', 2, 'https://ae01.alicdn.com/kf/Hfe238e0a8cf7433898c7c7b31f27e6cck.jpg_640x640Q90.jpg_.webp'),
(5, 'Vases et pots', 1, 'https://img.freepik.com/photos-premium/rangee-vases-colores-fleurs-differentes-couleurs-etagere_865967-342906.jpg?w=2000'),
(6, 'Bougeoirs', 1, 'https://i0.wp.com/hello-hello.fr/wp-content/uploads/2023/03/bougeoir-verre-lri.jpg?w=1436&h=1436&crop=1&ssl=1'),
(7, 'Luminaires', 1, 'https://www.decoidees.be/wp-content/uploads/2023/06/Design-sans-titre-3-11.jpg'),
(8, 'Textiles', 1, 'https://p1.pxfuel.com/preview/702/661/129/fabric-rolls-colours-textile.jpg'),
(9, 'Tapis', 8, 'https://laboutiquedelea.com/6510/tapis-ovale-colore-en-coton-et-jute-pm.jpg'),
(10, 'Peignoirs', 8, 'https://socotton.fr/img/products/251/peignoir-de-bain-uni-propose-en-10.coloris.jpg'),
(11, 'Serviettes', 8, 'https://thumbs.dreamstime.com/b/un-%C3%A9tendoir-rempli-de-draps-serviettes-color%C3%A9s-et-peignoirs-cr%C3%A9%C3%A9s-avec-ai-g%C3%A9n%C3%A9ratif-274006180.jpg'),
(12, 'Torchons', 8, 'https://www.deco.fr/sites/default/files/styles/width_880/public/migration-images/99579.jpg?itok=p84A0fOC'),
(13, 'Mobiliers', 1, 'https://thumbs.dreamstime.com/b/mobilier-multicolore-color%C3%A9-dans-art-d%C3%A9co-int%C3%A9rieur-design-du-salon-moderne-cr%C3%A9%C3%A9-avec-un-ai-g%C3%A9n%C3%A9ratif-la-technologie-d-280070990.jpg'),
(14, 'Décoration', 1, 'https://media3.petitzebre.com/167464-thickbox_default/boule-a-facettes-large-rose.jpg'),
(15, 'Fragrance', NULL, 'https://www.safecosmetics.org/wp-content/uploads/2022/03/Fragrance.jpg'),
(16, 'Bougies', 15, 'https://www.essentialparfums.com/wp-content/uploads/BOUGIE-PARFUMEE-SCENTED-CANDLE-1.jpg'),
(17, 'Sprays d''ambiance', 15, 'https://leschosessimples.co/cdn/shop/products/Sanstitre-13.jpg?v=1641900422'),
(18, 'Diffuseur à bâtonnets', 15, 'https://atelierodoria.fr/wp-content/uploads/2022/06/diffuseur-parfum-fleur-doranger.webp'),
(19, 'Huile à brûler', 15, 'https://interior-home.fr/cdn/shop/products/OR3-01.jpg?v=1676913472&width=1500'),
(20, 'Lifestyle', NULL, 'https://www.bonton.fr/cdn/shop/collections/Image_Lifestyle_option_1.jpg?v=1691509054'),
(21, 'Puzzle', 20, 'https://fac.img.pmdstatic.net/fit/http.3A.2F.2Fprd2-bone-image.2Es3-website-eu-west-1.2Eamazonaws.2Ecom.2Ffac.2F2020.2F11.2F25.2F7278da30-b7ab-4c1f-aab9-7a836963425d.2Ejpeg/1200x1200/quality/80/crop-from/center/faire-des-puzzles-un-vrai-coup-de-jeune-pour-le-cerveau.jpeg'),
(22, 'Papeterie', 20, 'https://le-de.cdn-website.com/fa4e84cf76b74b87bd8cb306a4aecea5/dms3rep/multi/opt/papeterie_et_cadeaux-640w.jpg'),
(23, 'Bijoux', 20, 'https://magazine.ocarat.com/wp-content/uploads/2019/09/bangle-up-tangerine.jpg'),
(24, 'Trousses', 20, 'https://www.parc-wesserling.fr/wp-content/uploads/2022/11/Trousse-de-maquillage-en-velours-Colorathur-x-Wesserling-scaled.jpg'),
(25, 'Sacs et paniers', 20, 'https://ki-decoration.com/cdn/shop/products/N9A3402dsnx_1024x.jpg?v=1677582152'),
(26, 'Foulards', 20, 'https://coloresdeotono.com/wp-content/uploads/2021/06/Fular-foulard-cotton-colores-de-otono-ACT98FCOLVE.jpg'),
(27, 'Kit graines à semer', 20, 'https://static.wixstatic.com/media/8f5e5c_f0f10849011545d896f690cc884a8819~mv2.jpg/v1/fill/w_520,h_520,al_c,q_80,usm_0.66_1.00_0.01,enc_auto/8f5e5c_f0f10849011545d896f690cc884a8819~mv2.jpg'),
(28, 'Décoration murale', NULL, 'https://i.ebayimg.com/images/g/c84AAOSwFJNkMKyD/s-l1200.webp'),
(29, 'Photographie', 28, 'https://cc-prod.scene7.com/is/image/CCProdAuthor/color-photography_P1_900x420?$pjpeg$&jpegSize=200&wid=900'),
(30, 'Affiches', 28, 'https://www.lamaisontricolore.fr/cdn/shop/files/Arola-affiche-fleurs-colorees.jpg?v=1698072729&width=2048'),
(31, 'Ex-votos', 28, 'https://sosamor.fr/cdn/shop/products/sos-amor-paris-decoration-murale-metal-colore-pack-3-x-mini-ex-voto-metal-colore-la-vita-nuova-4-33803153932482.jpg?v=1664547128&width=600'),
(32, 'Miroirs', 28, 'https://sosamor.fr/cdn/shop/products/sos-amor-paris-decoration-murale-metal-colore-ex-voto-miroir-l-metal-colore-ou-est-passee-la-tendresse-31323446771906.jpg?v=1664568729&width=720'),
(33, 'Couronnes fleurs séchées', 28, 'https://www.lesbouquetsdantoinette.fr/wp-content/uploads/2022/11/20221005_165104-scaled.jpg'),
(34, 'Idées cadeaux', NULL, 'https://encrypted-tbn0.gstatic.com/images?q=tbn:ANd9GcQiNPXpBZ6lHi-3jovX-b35JNtLiYyiy2_IdA&usqp=CAU');

INSERT INTO product (id, category_id, name, price, description, quantity, deleted, date) VALUES
(1, 3, 'Ensemble de vaisselle en mélaminé', 25.00, 'Ensemble de vaisselle en mélaminé de haute qualité. Idéal pour un usage quotidien.', 15, false, '2023-12-21 13:32:52'),
(2, 3, 'Assiette en mélaminé motif floral', 12.00, 'Assiette en mélaminé avec un motif floral élégant. Parfaite pour les repas en plein air.', 20, false, '2023-12-21 14:45:30'),
(3, 5, 'Vase en céramique', 18.00, 'Vase en céramique élégant pour ajouter une touche artistique à votre intérieur.', 10, false, '2023-12-21 14:15:30'),
(4, 5, 'Pots en céramique assortis', 30.00, 'Ensemble de pots en céramique assortis pour vos plantes d’intérieur.', 12, false, '2023-12-21 15:20:18'),
(5, 6, 'Bougeoir en métal', 12.00, 'Bougeoir en métal pour créer une ambiance chaleureuse dans votre espace.', 25, false, '2023-12-21 15:40:18'),
(6, 6, 'Bougeoir en verre texturé', 15.00, 'Bougeoir en verre texturé pour une lueur douce et élégante.', 18, false, '2023-12-21 16:10:45'),
(7, 17, 'Spray d’ambiance à la lavande', 15.00, 'Spray d’ambiance à la lavande pour une atmosphère relaxante dans votre maison.', 30, false, '2023-12-21 16:55:45'),
(8, 18, 'Diffuseur à bâtonnets parfumé', 22.00, 'Diffuseur à bâtonnets parfumé pour une diffusion constante de votre parfum préféré.', 25, false, '2023-12-21 17:30:10'),
(9, 21, 'Puzzle artistique', 30.00, 'Puzzle artistique pour des heures de divertissement créatif.', 20, false, '2023-12-21 17:30:10'),
(10, 21, 'Puzzle en bois animaux sauvages', 25.00, 'Puzzle en bois avec des pièces représentant des animaux sauvages fascinants.', 15, false, '2023-12-21 18:15:22'),
(11, 30, 'Affiche de photographie urbaine', 22.00, 'Affiche captivante de photographie urbaine pour décorer vos murs avec style.', 15, false, '2023-12-21 18:45:22'),
(12, 30, 'Affiche artistique abstraite', 28.00, 'Affiche artistique abstraite pour une décoration murale moderne.', 10, false, '2023-12-21 19:20:50'),
(13, 27, 'Kit graines à semer bio', 8.00, 'Kit de graines à semer bio pour créer votre propre jardin d’intérieur.', 40, false, '2023-12-21 19:20:50'),
(14, 27, 'Trousse de maquillage colorée', 15.00, 'Trousse de maquillage complète avec tous les outils nécessaires.', 30, false, '2023-12-21 20:10:15'),
(15, 10, 'Peignoir en coton doux', 35.00, 'Peignoir en coton doux pour un confort ultime après le bain.', 25, false, '2023-12-21 20:45:30'),
(16, 9, 'Tapis en jute tissé à la main', 50.00, 'Tapis en jute tissé à la main pour une touche naturelle dans votre espace.', 12, false, '2023-12-21 21:20:18'),
(17, 14, 'Boule disco lumineuse', 40.00, 'Boule disco lumineuse pour une ambiance de fête à la maison.', 18, false, '2023-12-21 22:10:45'),
(18, 14, 'Statuette d’oiseau en céramique', 18.00, 'Statuette d’oiseau en céramique pour une touche décorative délicate.', 20, false, '2023-12-21 23:05:30'),
(19, 22, 'Papier peint floral', 30.00, 'Papier peint floral pour une décoration murale unique et élégante.', 15, false, '2023-12-22 09:30:00'),
(20, 23, 'Collier en argent avec pendentif', 45.00, 'Collier en argent avec un pendentif délicat pour un look élégant.', 22, false, '2023-12-22 10:15:30');

INSERT INTO image (id, product_id, url) VALUES
(1, 1, 'http://localhost:8000/images/vaisselle_melaminee_1.png'),
(2, 1, 'http://localhost:8000/images/vaisselle_melaminee_2.png'),
(3, 1, 'http://localhost:8000/images/vaisselle_melaminee_3.png'),
(4, 2, 'http://localhost:8000/images/assiette_mela_1.png'),
(5, 2, 'http://localhost:8000/images/assiette_mela_2.png'),
(6, 3, 'http://localhost:8000/images/vase_cera_1.png'),
(7, 4, 'http://localhost:8000/images/pot_cera_1.png'),
(8, 4, 'http://localhost:8000/images/pot_cera_2.png'),
(9, 5, 'http://localhost:8000/images/bougeoir_metal.png'),
(10, 6, 'http://localhost:8000/images/bougeoir_verre.png'),
(11, 7, 'http://localhost:8000/images/spray_lavande.png'),
(12, 8, 'http://localhost:8000/images/diffu_bat.png'),
(13, 9, 'http://localhost:8000/images/puzzle_art.png'),
(14, 10, 'http://localhost:8000/images/puzzle_bois.png'),
(15, 11, 'http://localhost:8000/images/affiche_urb.png'),
(16, 12, 'http://localhost:8000/images/affiche_mod.png'),
(17, 13, 'http://localhost:8000/images/graine_bio_1.png'),
(18, 13, 'http://localhost:8000/images/graine_bio_2.png'),
(19, 14, 'http://localhost:8000/images/trousse.png'),
(20, 15, 'http://localhost:8000/images/peignoir_1.png'),
(21, 15, 'http://localhost:8000/images/peignoir_2.png'),
(22, 16, 'http://localhost:8000/images/tapis_1.png'),
(23, 16, 'http://localhost:8000/images/tapis_2.png'),
(24, 17, 'http://localhost:8000/images/boule_disco_1.png'),
(25, 17, 'http://localhost:8000/images/boule_disco_2.png'),
(26, 18, 'http://localhost:8000/images/oiseau.png'),
(27, 19, 'http://localhost:8000/images/papier_peint.png'),
(28, 20, 'http://localhost:8000/images/pendentif.png');